fecha;saldo_cierre;ingresos_dia;egresos_dia;n_eventos
2026-09-30;-194788403,83;0;189482936,71;63
2026-10-01;-194788403,83;0;0,0;0
2026-10-02;-199888403,83;0;5100000,0;1
2026-10-03;-206028403,83;0;6140000,0;2
2026-10-04;-206028403,83;0;0,0;0
2026-10-05;-212403403,83;0;6375000,0;2
2026-10-06;-212805728,83;0;402325,0;1
2026-10-07;-218997325,68;0;6191596,85;2
2026-10-08;-218997325,68;0;0,0;0
2026-10-09;-218997325,68;0;0,0;0
2026-10-10;-226752078,52;0;7754752,84;8
2026-10-11;-226752078,52;0;0,0;0
2026-10-12;-231752078,52;0;5000000,0;1
2026-10-13;-231752078,52;0;0,0;0
2026-10-14;-231752078,52;0;0,0;0
2026-10-15;-231752078,52;0;0,0;0
2026-10-16;-231752078,52;0;0,0;0
2026-10-17;-232082078,52;0;330000,0;1
2026-10-18;-232082078,52;0;0,0;0
2026-10-19;-232082078,52;0;0,0;0
2026-10-20;-253799361,29000002;0;21717282,77;4
2026-10-21;-253799361,29000002;0;0,0;0
2026-10-22;-253799361,29000002;0;0,0;0
2026-10-23;-259346681,07000002;0;5547319,78;2
2026-10-24;-259346681,07000002;0;0,0;0
2026-10-25;-267577356,42000002;0;8230675,35;1
2026-10-26;-267577356,42000002;0;0,0;0
2026-10-27;-267577356,42000002;0;0,0;0
2026-10-28;-267577356,42000002;0;0,0;0
2026-10-29;-267577356,42000002;0;0,0;0
2026-10-30;-272577356,42;0;5000000,0;1
